{"parameters/fc3.bias":{"_type":"histogram","values":[1,0,0,0,0,0,0,0,0,0,0,0,0,0,0,0,0,0,0,0,0,0,0,0,0,0,0,0,0,0,0,0,0,0,0,0,0,0,0,0,0,0,0,0,0,0,0,0,0,0,0,0,0,0,0,0,0,0,0,0,0,0,0,1],"bins":[-0.04500355198979378,-0.04311754181981087,-0.04123153164982796,-0.03934552147984505,-0.03745951130986214,-0.03557350113987923,-0.033687490969896317,-0.031801480799913406,-0.029915470629930496,-0.028029460459947586,-0.026143450289964676,-0.024257440119981766,-0.022371429949998856,-0.020485419780015945,-0.018599409610033035,-0.016713399440050125,-0.014827389270067215,-0.012941379100084305,-0.011055368930101395,-0.009169358760118484,-0.007283348590135574,-0.005397338420152664,-0.003511328250169754,-0.0016253180801868439,0.0002606920897960663,0.0021467022597789764,0.004032712429761887,0.005918722599744797,0.007804732769727707,0.009690742939710617,0.011576753109693527,0.013462763279676437,0.015348777174949646,0.017234787344932556,0.019120797514915466,0.021006807684898376,0.022892817854881287,0.024778828024864197,0.026664838194847107,0.028550848364830017,0.030436858534812927,0.03232286870479584,0.03420887887477875,0.03609488904476166,0.03798089921474457,0.03986690938472748,0.04175291955471039,0.0436389297246933,0.04552493989467621,0.04741095006465912,0.04929696023464203,0.05118297040462494,0.05306898057460785,0.05495499074459076,0.05684100091457367,0.05872701108455658,0.06061302125453949,0.0624990314245224,0.06438504159450531,0.06627105176448822,0.06815706193447113,0.07004307210445404,0.07192908227443695,0.07381509244441986,0.07570110261440277]},"parameters/fc1.weight":{"values":[1,0,2,0,3,5,5,4,3,2,1,7,3,5,7,5,4,5,11,8,3,3,9,10,7,7,10,5,5,4,5,10,5,11,8,11,6,6,4,6,3,2,11,3,7,6,4,6,4,2,7,5,4,4,5,5,6,4,7,2,1,2,1,3],"bins":[-0.8938177824020386,-0.8664693832397461,-0.8391209840774536,-0.8117725849151611,-0.7844241261482239,-0.7570757269859314,-0.7297273278236389,-0.7023789286613464,-0.6750304698944092,-0.6476820707321167,-0.6203336715698242,-0.5929852724075317,-0.5656368732452393,-0.5382884740829468,-0.5109400749206543,-0.48359161615371704,-0.45624321699142456,-0.4288948178291321,-0.4015463888645172,-0.37419795989990234,-0.34684956073760986,-0.3195011615753174,-0.2921527624130249,-0.2648043632507324,-0.23745596408843994,-0.21010750532150269,-0.1827591061592102,-0.15541070699691772,-0.12806230783462524,-0.10071390867233276,-0.07336544990539551,-0.04601705074310303,-0.018668711185455322,0.008679687976837158,0.03602808713912964,0.0633765459060669,0.09072494506835938,0.11807334423065186,0.14542174339294434,0.17277014255523682,0.20011860132217407,0.22746700048446655,0.25481539964675903,0.2821637988090515,0.309512197971344,0.3368605971336365,0.36420902609825134,0.3915574550628662,0.4189058542251587,0.44625425338745117,0.47360268235206604,0.5009510517120361,0.5282995104789734,0.5556479096412659,0.5829963088035583,0.6103447079658508,0.6376931667327881,0.6650415658950806,0.692389965057373,0.7197383642196655,0.747086763381958,0.7744351625442505,0.8017836213111877,0.8291320204734802,0.8564804196357727],"_type":"histogram"},"_step":9999,"accuracy":1,"gradients/fc1.weight":{"bins":[-3.353862609856151e-07,-3.213021102510538e-07,-3.072179310947831e-07,-2.9313378036022186e-07,-2.790496296256606e-07,-2.6496547889109934e-07,-2.5088129973482864e-07,-2.3679714900026738e-07,-2.227129840548514e-07,-2.0862881910943543e-07,-1.9454466837487416e-07,-1.8046050342945819e-07,-1.663763384840422e-07,-1.5229218774948095e-07,-1.3820802280406497e-07,-1.241238720695037e-07,-1.1003970712408773e-07,-9.595555638952646e-08,-8.187137723325577e-08,-6.778722649869451e-08,-5.3703075764133246e-08,-3.961889660786255e-08,-2.553474587330129e-08,-1.1450595138740027e-08,2.6335840175306657e-09,1.671773475209193e-08,3.080188548665319e-08,4.4886036221214454e-08,5.897021537748515e-08,7.305436611204641e-08,8.713851684660767e-08,1.0122269600287837e-07,1.1530687515914906e-07,1.2939102589371032e-07,1.4347520504998101e-07,1.5755935578454228e-07,1.7164350651910354e-07,1.8572768567537423e-07,1.998118364099355e-07,2.1389598714449676e-07,2.2798013787905802e-07,2.420643170353287e-07,2.5614846776989e-07,2.7023261850445124e-07,2.8431679766072193e-07,2.984009483952832e-07,3.1248509912984446e-07,3.2656927828611515e-07,3.406534290206764e-07,3.547376081769471e-07,3.6882175891150837e-07,3.8290590964606963e-07,3.969900603806309e-07,4.1107421111519216e-07,4.2515839027146285e-07,4.392425410060241e-07,4.533267201622948e-07,4.6741087089685607e-07,4.814950216314173e-07,4.955791723659786e-07,5.096633231005399e-07,5.2374753067852e-07,5.378316814130812e-07,5.519158321476425e-07,5.659999828822038e-07],"_type":"histogram","values":[1,4,0,1,1,0,2,2,2,2,3,5,4,2,8,6,9,8,8,18,16,19,23,23,22,24,16,12,11,9,9,8,8,5,5,5,3,4,4,1,1,1,2,1,0,0,0,1,0,0,0,0,0,0,0,0,0,0,0,0,0,0,0,1]},"parameters/fc2.bias":{"values":[1,0,1,0,1,0,2,0,0,0,2,0,0,0,0,0,0,0,0,0,0,0,2,0,0,1,1,0,0,0,0,1,1,0,0,0,0,0,0,0,0,0,0,1,0,0,0,0,0,0,1,0,0,0,0,0,0,0,0,0,0,0,0,1],"bins":[-0.008464177139103413,0.0012526148930191994,0.010969406925141811,0.02068619802594185,0.03040299192070961,0.04011978581547737,0.049836575984954834,0.0595533661544323,0.06927015632390976,0.07898695021867752,0.08870374411344528,0.09842053055763245,0.10813732445240021,0.11785411089658737,0.12757091224193573,0.1372877061367035,0.14700450003147125,0.156721293926239,0.16643808782100677,0.17615488171577454,0.1858716756105423,0.19558845460414886,0.20530524849891663,0.2150220423936844,0.22473883628845215,0.2344556301832199,0.24417240917682648,0.25388920307159424,0.2636059820652008,0.27332279086112976,0.28303956985473633,0.2927563786506653,0.30247318744659424,0.3121899664402008,0.32190677523612976,0.33162355422973633,0.3413403630256653,0.35105714201927185,0.3607739508152008,0.3704907298088074,0.38020753860473633,0.3899243175983429,0.39964109659194946,0.4093579053878784,0.419074684381485,0.42879146337509155,0.4385082721710205,0.44822508096694946,0.45794185996055603,0.4676586389541626,0.47737544775009155,0.4870922565460205,0.4968090355396271,0.5065258145332336,0.5162426233291626,0.5259593725204468,0.5356761813163757,0.5453929901123047,0.5551097989082336,0.5648265480995178,0.5745433568954468,0.5842601656913757,0.5939769744873047,0.6036937236785889,0.6134105324745178],"_type":"histogram"},"_runtime":0,"parameters/fc1.bias":{"bins":[-0.7106637358665466,-0.687415361404419,-0.664167046546936,-0.6409186720848083,-0.6176702976226807,-0.5944219827651978,-0.5711736083030701,-0.5479252338409424,-0.5246769189834595,-0.5014286041259766,-0.4781802296638489,-0.4549318552017212,-0.4316835105419159,-0.4084351658821106,-0.3851867914199829,-0.3619384467601776,-0.3386901021003723,-0.315441757440567,-0.2921934127807617,-0.26894503831863403,-0.24569669365882874,-0.22244834899902344,-0.19919997453689575,-0.17595165967941284,-0.15270328521728516,-0.12945491075515747,-0.10620659589767456,-0.08295822143554688,-0.05970984697341919,-0.03646153211593628,-0.013213157653808594,0.010035157203674316,0.03328347206115723,0.05653184652328491,0.07978016138076782,0.10302853584289551,0.12627685070037842,0.1495252251625061,0.1727735996246338,0.1960219144821167,0.21927028894424438,0.24251866340637207,0.265766978263855,0.28901535272598267,0.31226369738578796,0.33551204204559326,0.35876041650772095,0.38200876116752625,0.40525710582733154,0.42850545048713684,0.45175379514694214,0.4750021696090698,0.4982505142688751,0.5214988589286804,0.5447472333908081,0.567995548248291,0.5912439227104187,0.6144922971725464,0.6377406120300293,0.660988986492157,0.6842373609542847,0.7074856758117676,0.7307340502738953,0.7539823651313782,0.7772307395935059],"_type":"histogram","values":[1,0,0,0,0,0,0,0,1,0,0,1,1,1,0,0,0,1,0,1,0,1,0,0,0,2,0,1,0,1,0,0,0,0,2,1,0,2,0,1,1,0,0,1,0,0,0,0,1,1,0,3,1,0,1,1,0,0,1,0,0,1,0,2]},"loss":6.818767133154324e-07,